date,snow_level,frames
20231124,S0,1
20231125,S2,49
20231126,S1,59
20231127,S1,59
20231129,S1,46
20231130,S1,60
20231201,S1,12
20231208,S0,23
20231211,S1,39
20231212,S1,56
20231213,S2,39
20231216,S1,59
20231218,S2,58
20231219,S2,57
20231220,S1,39
20231223,S1,56
20231224,S1,56
20231225,S1,56
20231226,S2,57
20231227,S2,50
20231228,S2,58
20231229,S1,57
20231230,S1,49
20231231,S3,58
20240101,S1,52
20240102,S1,59
20240103,S1,57
20240104,S1,55
20240105,S1,58
20240109,S1,5
20240110,S1,49
20240111,S1,53
20240112,S1,57
20240113,S3,49
20240114,S2,54
20240115,S2,53
20240116,S3,55
20240117,S2,49
20240118,S1,49
20240119,S2,53
20240120,S3,56
20240121,S2,49
20240122,S2,54
20240123,S2,59
20240124,S2,54
20240125,S2,52
20240126,S2,53
20240127,S2,57
20240128,S2,54
20240129,S2,60
20240130,S2,60
20240131,S2,55
20240201,S2,56
20240202,S2,59
20240203,S3,57
20240204,S2,60
20240205,S2,59
20240206,S2,59
20240207,S1,59
20240208,S1,60
20240209,S1,60
20240210,S1,60
20240211,S2,60
20240212,S2,60
20240213,S1,60
20240214,S1,60
20240215,S1,60
20240216,S2,56
20240217,S1,60
20240218,S1,61
20240220,S1,24
20240222,S4,62
20240223,S2,61
20240224,S2,61
20240225,S1,61
20240226,S2,61
20240227,S2,62
20240228,S2,61
20240229,S1,61
20240301,S1,62
20240302,S3,61
20240303,S1,62
20240304,S1,62
20240305,S0,61
20240306,S0,49
20240307,S1,63
20240308,S1,36
20240309,S1,62
20240310,S1,63
20240311,S0,62
20240312,S0,59
20240313,S0,31
20240314,S0,27
20240315,S0,28
20240316,S0,39
20240319,S2,62
20240320,S1,62
20240321,S1,42
20240322,S0,21
