frame,dx_px,dy_px,group
image_20240313064649,0.0,27.0,original_40
image_20240313072701,0.0,27.0,original_40
image_20240313074709,0.0,25.0,original_40
image_20240313110815,0.0,19.0,original_40
image_20240313100755,0.0,16.0,original_40
image_20240313080715,0.0,23.0,original_40
image_20240313105811,0.0,17.0,original_40
image_20240313101759,0.0,16.0,original_40
image_20240313093745,0.0,20.0,original_40
image_20240313061639,0.0,27.0,original_40
image_20240309092345,0.0,26.0,original_40
image_20231230132102,12.0,27.0,original_40
image_20240110091844,12.0,27.0,original_40
image_20240225100851,12.0,27.0,original_40
image_20240225123941,5.0,19.0,original_40
image_20240210091547,12.0,27.0,original_40
image_20231212083525,3.0,0.0,original_40
image_20240210082531,12.0,27.0,original_40
image_20231230114030,12.0,27.0,original_40
image_20240309090338,0.0,27.0,original_40
image_20240228140034,12.0,27.0,original_40
image_20240211070834,12.0,27.0,original_40
image_20240130152925,12.0,27.0,original_40
image_20231228134349,14.0,21.0,original_40
image_20240123073210,12.0,27.0,original_40
image_20240130131842,12.0,27.0,original_40
image_20240228065814,12.0,27.0,original_40
image_20240123092246,12.0,27.0,original_40
image_20240211154124,12.0,27.0,original_40
image_20231228144409,3.0,22.0,original_40
image_20240203151304,12.0,27.0,original_40
image_20240203100122,12.0,27.0,original_40
image_20240203112148,12.0,27.0,original_40
image_20240203155318,12.0,27.0,original_40
image_20240203160322,12.0,27.0,original_40
image_20240203123212,12.0,27.0,original_40
image_20240203081045,12.0,27.0,original_40
image_20240203064016,12.0,27.0,original_40
image_20240203095118,12.0,27.0,original_40
image_20240203161324,12.0,27.0,original_40
image_20240123100300,0.0,0.0,added_80
image_20231212102602,0.0,0.0,added_80
image_20231230102002,18.0,31.0,added_80
image_20240211131034,0.0,0.0,added_80
image_20240228130014,7.0,19.0,added_80
image_20231212143730,0.0,0.0,added_80
image_20231230145132,18.0,33.0,added_80
image_20240110135014,19.0,30.0,added_80
image_20240130075655,7.0,33.0,added_80
image_20240309103408,3.0,17.0,added_80
image_20240309152545,6.0,20.0,added_80
image_20231228092223,0.0,19.0,added_80
image_20240309143528,5.0,21.0,added_80
image_20240123103310,7.0,13.0,added_80
image_20240123143430,38.0,15.0,added_80
image_20240225101854,0.0,20.0,added_80
image_20240130123828,25.0,22.0,added_80
image_20240210132710,6.0,17.0,added_80
image_20240225142014,6.0,19.0,added_80
image_20231230115032,18.0,31.0,added_80
image_20240130102745,15.0,22.0,added_80
image_20231228121319,14.0,18.0,added_80
image_20240211135047,0.0,17.0,added_80
image_20240123071203,20.0,13.0,added_80
image_20240225135004,7.0,18.0,added_80
image_20231212153751,0.0,0.0,added_80
image_20240309150538,4.0,22.0,added_80
image_20231228065134,20.0,19.0,added_80
image_20240211095930,8.0,20.0,added_80
image_20231228133346,13.0,18.0,added_80
image_20240228131016,4.0,18.0,added_80
image_20240123094253,21.0,17.0,added_80
image_20240228073827,0.0,16.0,added_80
image_20240228072824,0.0,21.0,added_80
image_20240210092550,0.0,23.0,added_80
image_20240228135030,0.0,14.0,added_80
image_20240110143027,17.0,30.0,added_80
image_20240123095256,27.0,22.0,added_80
image_20240130092725,22.0,20.0,added_80
image_20240309062245,4.0,23.0,added_80
image_20231228122323,23.0,22.0,added_80
image_20240110064759,15.0,30.0,added_80
image_20240309122445,3.0,21.0,added_80
image_20240110065802,26.0,32.0,added_80
image_20231212080514,4.0,10.0,added_80
image_20240228142040,1.0,20.0,added_80
image_20231230142122,13.0,30.0,added_80
image_20240110132004,5.0,28.0,added_80
image_20231230065901,24.0,12.0,added_80
image_20231228093226,22.0,25.0,added_80
image_20240225141011,6.0,19.0,added_80
image_20231228140356,25.0,25.0,added_80
image_20240228153103,6.0,13.0,added_80
image_20231230084932,23.0,32.0,added_80
image_20240211142057,5.0,17.0,added_80
image_20231212104609,4.0,-4.0,added_80
image_20240225102858,8.0,12.0,added_80
image_20240225074804,14.0,27.0,added_80
image_20240210121647,-4.0,24.0,added_80
image_20240123132406,26.0,21.0,added_80
image_20240228071820,5.0,22.0,added_80
image_20231212081517,13.0,4.0,added_80
image_20240130121822,24.0,25.0,added_80
image_20231228100236,24.0,22.0,added_80
image_20240211075850,14.0,29.0,added_80
image_20240130162945,22.0,25.0,added_80
image_20231228145413,23.0,25.0,added_80
image_20240210152750,3.0,12.0,added_80
image_20240110114934,18.0,29.0,added_80
image_20240130124832,17.0,21.0,added_80
image_20231230140116,16.0,31.0,added_80
image_20240210153754,0.0,17.0,added_80
image_20240211114004,0.0,17.0,added_80
image_20231230133106,14.0,27.0,added_80
image_20231212101559,10.0,-2.0,added_80
image_20240110153047,15.0,27.0,added_80
image_20240309095355,2.0,22.0,added_80
image_20240210110624,0.0,23.0,added_80
image_20240203104135,18.0,40.0,added_80
image_20240210073514,1.0,25.0,added_80
