sequence,anonymous_id,image_name,image_sha256,label_set_id,pi_total,sampled_in_stratum,cum_in_stratum_at_this_batch,stratum,batch
1,A0001,image_20240203090102.png,dcba187ae481cbace0bd42c75e37eebc46faacce38f94193288073b7175420a7,INDEPENDENT-BLIND-AUDIT-100,0.5000000000,22,7,S3|morning,0
2,A0002,image_20240213152819.png,c939a7bf8b0854ee37d29fda028d0d19bf05bf59970285a5c3c3847914d2c11c,INDEPENDENT-BLIND-AUDIT-100,0.0666666667,27,9,S1|afternoon,0
3,A0003,image_20240309133508.png,cb7fa9922dbe40621168abbf2ad0d73f6a46d356a189467c341e840060fbeff6,INDEPENDENT-BLIND-AUDIT-100,0.0833333333,47,15,S1|midday,0
4,A0004,image_20240102131207.png,f74d34747d1db0ce1ee0b592c930037324c36f177b55100034e6b2cc4ae0d97a,INDEPENDENT-BLIND-AUDIT-100,0.0952380952,47,15,S1|midday,0
5,A0005,image_20240218123443.png,39adbe7347a6775563f0feca91cea4f8f3d1c3bf725282ea0e40d2c3b5b6751a,INDEPENDENT-BLIND-AUDIT-100,0.0833333333,47,15,S1|midday,0
6,A0006,image_20240101150903.png,04e4177f80885da392d26efe5879f65db86df3439c34d1533ea235d442caedd8,INDEPENDENT-BLIND-AUDIT-100,0.0714285714,27,9,S1|afternoon,0
7,A0007,image_20240102153254.png,8215dc411035f8285f320b5962ea6498e0d90326928986e50dd8bf3607d22ec5,INDEPENDENT-BLIND-AUDIT-100,0.0833333333,27,9,S1|afternoon,0
8,A0008,image_20240121085548.png,318c599ce94935f0096f7444248376438204e9ff56327df556e15dfcf574ebf2,INDEPENDENT-BLIND-AUDIT-100,0.1111111111,30,10,S2|morning,0
9,A0009,image_20240202114830.png,50211225022f84ec88c9704ff0585155e728f92db33bf2c84d5e2dc6f12bc49f,INDEPENDENT-BLIND-AUDIT-100,0.0833333333,32,10,S2|midday,0
10,A0010,image_20240208064803.png,c804f230cce4dd2df6c3b35500fc0c70e2a98d4ad75c8699be06ff385b95c726,INDEPENDENT-BLIND-AUDIT-100,0.0909090909,45,15,S1|morning,0
11,A0011,image_20240307071606.png,983c5043ed7ad4cae952c595c4c275f44740658bd71263192f8c543d1f1b4be4,INDEPENDENT-BLIND-AUDIT-100,0.0833333333,45,15,S1|morning,0
12,A0012,image_20240203134235.png,1f6da7258951f71c05fda2e1610d22143c7fafa9923a8a60dd98aaef40fe5306,INDEPENDENT-BLIND-AUDIT-100,0.5000000000,23,8,S3|midday,0
13,A0013,image_20240203083052.png,799e759f6ea65a2c1e80e1e0173f56f07d0f68082990aaa517ac37fe0789fdbb,INDEPENDENT-BLIND-AUDIT-100,0.5000000000,22,7,S3|morning,0
14,A0014,image_20240128100004.png,c2ad8f3901103ac2c64d559412c8a663deb0bca637d1dd61fd6c51e1a31d00d4,INDEPENDENT-BLIND-AUDIT-100,1.0000000000,32,10,S2|midday,0
15,A0015,image_20240311101059.png,64f7886d2382b126064003e8dd926294fe4ff8ee78ac51ca816cd1fd62f9e381,INDEPENDENT-BLIND-AUDIT-100,0.0833333333,11,3,S0|midday,0
16,A0016,image_20240309085336.png,4310b19e353936db26c8a4c0be1f3841dea25cb5dadc0484a099dbcbe91326f2,INDEPENDENT-BLIND-AUDIT-100,0.0869565217,45,15,S1|morning,0
17,A0017,image_20240215105345.png,6fa197e7308640360bdc78a6fe8701b4af0aa8eec11dae8c7d0b752b23bd0178,INDEPENDENT-BLIND-AUDIT-100,0.0833333333,47,15,S1|midday,0
18,A0018,image_20240222071652.png,91d4bf9d12c4014a40bc6d66fa41beb6f0ba623ccb722d6095b8e8ae0dd80005,INDEPENDENT-BLIND-AUDIT-100,0.0869565217,2,1,S4|morning,0
19,A0019,image_20240222142914.png,62c690881c36832bf0d39e7cc86538226f1e3bfe1cd5c121b98e3eba5c49a290,INDEPENDENT-BLIND-AUDIT-100,0.0666666667,1,1,S4|afternoon,0
20,A0020,image_20240203085058.png,a2111c99ff52f519730f4c5ff62b14832b7bc617a288a20b3942b2dab578231d,INDEPENDENT-BLIND-AUDIT-100,0.5000000000,22,7,S3|morning,0
21,A0021,image_20240302131042.png,d537cf34fc228e34a98f80196ab55278e36d7df3c8096e79c0d618122e2602c2,INDEPENDENT-BLIND-AUDIT-100,0.4782608696,23,8,S3|midday,0
22,A0022,image_20240220135205.png,d9696c2fd29b2fbf5794e4ca0bbb58a100f278c434fd6e56bb562d4d3bf1a47e,INDEPENDENT-BLIND-AUDIT-100,0.0952380952,47,15,S1|midday,0
23,A0023,image_20240310143857.png,90fa7c7b99bc206b33ee51f4900d7c55877e1be96a97b8812e4dc3a836d87928,INDEPENDENT-BLIND-AUDIT-100,0.1333333333,27,9,S1|afternoon,0
24,A0024,image_20240203080042.png,098cbd1d71cffba03c7f8bcf01107b2731dacca353dda19b15b27480e6286d70,INDEPENDENT-BLIND-AUDIT-100,0.5000000000,22,7,S3|morning,0
25,A0025,image_20240212081224.png,00c5d77713bcac764e88fdd69cf647aefe1e9f7f0ed495e9e06c76cb2f696932,INDEPENDENT-BLIND-AUDIT-100,0.0952380952,30,10,S2|morning,0
26,A0026,image_20240212130400.png,64dd2fc17365885fe2a4f70eafd100ea6dbf58648353815b191d54f9dbdc0e7b,INDEPENDENT-BLIND-AUDIT-100,0.0833333333,32,10,S2|midday,0
27,A0027,image_20240222134902.png,4aeb97167f32a49f40e5850094e33795a3dc835c722c6a1739cea3f94286db92,INDEPENDENT-BLIND-AUDIT-100,0.0833333333,2,2,S4|midday,0
28,A0028,image_20240217123113.png,b49dffcb5cdfaa328f2f40075c479807f5f71b4bcf0ee850a7cd39fce29e0652,INDEPENDENT-BLIND-AUDIT-100,0.0833333333,47,15,S1|midday,0
29,A0029,image_20240310130828.png,84638ea7e635576472cb32ab224b9c1104b2574694a50d906a021ac0b15c14d1,INDEPENDENT-BLIND-AUDIT-100,0.0833333333,47,15,S1|midday,0
30,A0030,image_20240315092442.png,9ac23c0c7ae5fbc6c1dd40355b343415a6505961c19c199c31e984b4986b0511,INDEPENDENT-BLIND-AUDIT-100,0.0833333333,19,6,S0|morning,0
31,A0031,image_20240228111940.png,a0a2498ad2b7ce790739336a37a75bb22b9b017e3b1bf215484ae50d3ac3b5c6,INDEPENDENT-BLIND-AUDIT-100,0.0869565217,32,10,S2|midday,0
32,A0032,image_20240203114155.png,6e34a379d5642f7ab0e13fd186e636c6b25f74d60dddcf8dc41cc3d305694ebd,INDEPENDENT-BLIND-AUDIT-100,0.5000000000,23,8,S3|midday,0
33,A0033,image_20240120065149.png,7f76bfeaad5a93f17f1cf83b00508bd23adb08fd2e7f4b0a7b3e4f1dc31590c2,INDEPENDENT-BLIND-AUDIT-100,0.5000000000,22,7,S3|morning,0
34,A0034,image_20240316095821.png,bf19c0dfc4dfb9a02324f56e7464e6ebc1fecfe3eb3348b7982bee0d9d95e194,INDEPENDENT-BLIND-AUDIT-100,0.1250000000,19,6,S0|morning,0
35,A0035,image_20240122064833.png,be7753dfaec3cbf3ea0a1e3812a81df4e8c060017cda82059b439f17d07e418a,INDEPENDENT-BLIND-AUDIT-100,0.5000000000,30,10,S2|morning,0
36,A0036,image_20240321122011.png,003851fff11858ef2be7051c33fb97325a12558e5aaf017ad03017dea25b056a,INDEPENDENT-BLIND-AUDIT-100,0.1052631579,47,15,S1|midday,0
37,A0037,image_20240316061709.png,91888f1e67cde77678319f9cadace49e4ead4aec5c37131383b5d7a4f5162b2a,INDEPENDENT-BLIND-AUDIT-100,0.1250000000,19,6,S0|morning,0
38,A0038,image_20240306110353.png,82f2752de7d9e2c0a87f31f8f97f1680a3603562740be506981c364c1c245c27,INDEPENDENT-BLIND-AUDIT-100,0.0833333333,11,3,S0|midday,0
39,A0039,image_20240320150424.png,44847fc225c2db9502c6caaa68fb61be0a3321649f5d75bed07f849e5d710741,INDEPENDENT-BLIND-AUDIT-100,0.1333333333,27,9,S1|afternoon,0
40,A0040,image_20240210070504.png,beabb13b63656f399a00829352f1986604bba190643e5cb80ad7fca7fc620a7c,INDEPENDENT-BLIND-AUDIT-100,0.0952380952,45,15,S1|morning,0
41,A0041,image_20240208153055.png,ff9b1b051fae363905caa7030cd94b10f04bf1391abeb50f3615a03ba672e20f,INDEPENDENT-BLIND-AUDIT-100,0.0666666667,27,9,S1|afternoon,0
42,A0042,image_20240311130155.png,ee32ce45d74fec43578af87a8bffddc69c13247e9b4e6fed1cec9bf0995e76a4,INDEPENDENT-BLIND-AUDIT-100,0.0833333333,11,3,S0|midday,0
43,A0043,image_20240209132341.png,6885ba1637f8ee855c02f6f508e6842e0a1919fa519af98ec03d52494b63969a,INDEPENDENT-BLIND-AUDIT-100,0.0833333333,47,15,S1|midday,0
44,A0044,image_20240204094444.png,73e7fa1df002a9850160e75113fefcec72e597810e365b20dbf38ab0c3379009,INDEPENDENT-BLIND-AUDIT-100,0.0952380952,30,10,S2|morning,0
45,A0045,image_20240205065718.png,7c7737d377de8ac30edda8a1cd6f85e41976aab2d527d58edb14fa97fd33ceba,INDEPENDENT-BLIND-AUDIT-100,0.0952380952,30,10,S2|morning,0
46,A0046,image_20240226064111.png,060fecdaece573a4d7810136fb796f489fc84caee71f63811a0d086ae21f8da1,INDEPENDENT-BLIND-AUDIT-100,0.0909090909,30,10,S2|morning,0
47,A0047,image_20240302152125.png,4458ab32fd141f0455c06ffd754e17ea6089cc55ac28752f6cd01bb7562912ea,INDEPENDENT-BLIND-AUDIT-100,0.5333333333,15,5,S3|afternoon,0
48,A0048,image_20240224135601.png,4f6c1f9fd113b94dcb39efb3b4b8980b519b969ada7773c64807930cb0a95fb5,INDEPENDENT-BLIND-AUDIT-100,0.0833333333,32,10,S2|midday,0
49,A0049,image_20240226154411.png,7bf3ce35460fcf0ec1cb949d58527a3b91150951043daeac297a44bbe95442ec,INDEPENDENT-BLIND-AUDIT-100,0.1333333333,20,7,S2|afternoon,0
50,A0050,image_20240101114757.png,a0097d17dd26946fd091206e41863dfbe0d4d3fb4ae62c522c743e8ac2f362e6,INDEPENDENT-BLIND-AUDIT-100,0.0909090909,47,15,S1|midday,0
51,A0051,image_20240304125734.png,8ade73ed9aef96625ea2f2ca380bd24710f0a907ff5cdbd8a45e6700bbd1bc17,INDEPENDENT-BLIND-AUDIT-100,0.0833333333,47,15,S1|midday,0
52,A0052,image_20240215070228.png,43e57c6fc4170d970aaf5f68d2930ed8eaf4f5f6d4c3a2f382f3e9b641ee0f4e,INDEPENDENT-BLIND-AUDIT-100,0.0952380952,45,15,S1|morning,0
53,A0053,image_20240229143413.png,d1e4daddeea2d81967f5ccd00477e1eb969f166c39904b8f86730b606b10acc7,INDEPENDENT-BLIND-AUDIT-100,0.0666666667,27,9,S1|afternoon,0
54,A0054,image_20240308072939.png,19881aede51e6deb6ec94f9c3be30033ff8fcba8a3852bc044d9d0a22cc35f47,INDEPENDENT-BLIND-AUDIT-100,0.0909090909,45,15,S1|morning,0
55,A0055,image_20240302072849.png,8949e46b96f4748027bff6e865695c5415833f42645c154b284d3dbcf30109f0,INDEPENDENT-BLIND-AUDIT-100,0.4782608696,22,7,S3|morning,0
56,A0056,image_20240313093745.png,fa9ccafa17ec8d842140984584deef6923d5034e36dda8664b813b14952e0560,INDEPENDENT-BLIND-AUDIT-100,0.0833333333,19,6,S0|morning,0
57,A0057,image_20240210124657.png,f7fc3585edb8d4a19fa287000b5c088377f8173027fca332fec05e1ec9a89362,INDEPENDENT-BLIND-AUDIT-100,0.0833333333,47,15,S1|midday,0
58,A0058,image_20240203152308.png,429fc11892b62c6e69090d89c9cb6e88cdedc5f1b44cbb39efd434f2552efe3a,INDEPENDENT-BLIND-AUDIT-100,0.4666666667,15,5,S3|afternoon,0
59,A0059,image_20240222135904.png,360cba79cea7c2e4de346d9dec800ab727f55c1df0ceca872f1f44ceeacfabd7,INDEPENDENT-BLIND-AUDIT-100,0.0833333333,2,2,S4|midday,0
60,A0060,image_20240212104314.png,c4dd6bc5741f1b4bd02a147e546755aa949f5f1f6ff0d4bd92571fc841efa2f7,INDEPENDENT-BLIND-AUDIT-100,0.0833333333,32,10,S2|midday,0
61,A0061,image_20240313090735.png,e5f3fca587ee990aa7020063f30d23fd5c4d48712ccd0635f7f5836fad88e672,INDEPENDENT-BLIND-AUDIT-100,0.0833333333,19,6,S0|morning,0
62,A0062,image_20240206142314.png,d19b2c7f36eef10cbd7530a19fa463768f0aabbe231c07fd0c43521d45dc06c4,INDEPENDENT-BLIND-AUDIT-100,0.0666666667,20,7,S2|afternoon,0
63,A0063,image_20240203130222.png,5f3bba32e20fd4fd8c235faf0a1769cf217dd8b2351891a2d08dea5f761a75f2,INDEPENDENT-BLIND-AUDIT-100,0.5000000000,23,8,S3|midday,0
64,A0064,image_20240319160114.png,5f2c808eb2225f7c08a9a640d1371c37127c3138a2598b384dc13d8fe8827f7e,INDEPENDENT-BLIND-AUDIT-100,0.1333333333,20,7,S2|afternoon,0
65,A0065,image_20240319140034.png,fbb5c444fe13fe5902d53008970038697df4f7e4a6eb46d267897b263ca8f2bb,INDEPENDENT-BLIND-AUDIT-100,0.1333333333,20,7,S2|afternoon,0
66,A0066,image_20240203140242.png,62cb373e01a83bee23101101904260153558b6597928ac7d40a5f927b3f4208b,INDEPENDENT-BLIND-AUDIT-100,0.4666666667,15,5,S3|afternoon,0
67,A0067,image_20240223150254.png,1131be50d3e747dde57568e295d0f1fc6c7f51181a486a89fa335a20e278190b,INDEPENDENT-BLIND-AUDIT-100,0.0666666667,20,7,S2|afternoon,0
68,A0068,image_20240228141036.png,3a594f3cfe58fba720bcac7e82c66eca0a9c3a9d59e789735e3c7fc15fb67525,INDEPENDENT-BLIND-AUDIT-100,0.1333333333,20,7,S2|afternoon,0
69,A0069,image_20240101090703.png,6cbf295fa084e1120b7fe1826b8bf78a67678a1b04ce7fd2c1539741b862c548,INDEPENDENT-BLIND-AUDIT-100,0.0714285714,45,15,S1|morning,0
70,A0070,image_20240311065955.png,2847b85e1bc2dde2b351eb665813ed7f8f25b4a0476af44468ca2e4ec11c6278,INDEPENDENT-BLIND-AUDIT-100,0.0869565217,19,6,S0|morning,0
71,A0071,image_20240229091226.png,7023674ca1e93db37517a8c4a3cfd595710c94d1daf2ab40cbfcc2b13ef6dfc2,INDEPENDENT-BLIND-AUDIT-100,0.0909090909,45,15,S1|morning,0
72,A0072,image_20240209063125.png,b0c13cc33b4bbb37e932ba6a9bd7d61dee5661ac096cfdc05d9df7972f8c15a6,INDEPENDENT-BLIND-AUDIT-100,0.0952380952,45,15,S1|morning,0
73,A0073,image_20240213110649.png,01bee8cbb0d9900fbeb78cf7851038c32582180abba4c82a74c6c2d110a0525c,INDEPENDENT-BLIND-AUDIT-100,0.0833333333,47,15,S1|midday,0
74,A0074,image_20240216112723.png,0efafcbad01d7fb1f4b684880a7bf60a7cd84b702d13b6e0e9492ae6f96a844d,INDEPENDENT-BLIND-AUDIT-100,0.0833333333,32,10,S2|midday,0
75,A0075,image_20240302134052.png,e1211d5d3dd09cc4cdfdcd6e8ec49c54f0d1753554b196bf427e7f34f1291b17,INDEPENDENT-BLIND-AUDIT-100,0.4782608696,23,8,S3|midday,0
76,A0076,image_20240302153128.png,a10b3803c4e638393f87992530ef330e15f7b14a9799cc108dd55f0955e2677c,INDEPENDENT-BLIND-AUDIT-100,0.5333333333,15,5,S3|afternoon,0
77,A0077,image_20240207140637.png,2fca6520c71598e3e5090a9bc888b8ec738760a584b56ea80ebb3cd6140d8ff1,INDEPENDENT-BLIND-AUDIT-100,0.0666666667,27,9,S1|afternoon,0
78,A0078,image_20240320083214.png,04fef12437148e5cf0673454585872c14143e2cd2cdfc5ede4158e51e2f5a697,INDEPENDENT-BLIND-AUDIT-100,0.0869565217,45,15,S1|morning,0
79,A0079,image_20240203131225.png,028790a571f413eded5181a854c94b79c716a213b6ecb7fbd7aa5126f198da8b,INDEPENDENT-BLIND-AUDIT-100,0.5000000000,23,8,S3|midday,0
80,A0080,image_20240211121014.png,9e8b23a6202e0c9ff809f4a014f02e8e1127d78215a7486e3231639b7eb8c107,INDEPENDENT-BLIND-AUDIT-100,0.0434782609,32,10,S2|midday,0
81,A0081,image_20240303073218.png,b4e2d4f449e27cf7ae5e315fec22dd2251b45aff398b10c5e6761a553a74ffdf,INDEPENDENT-BLIND-AUDIT-100,0.0869565217,45,15,S1|morning,0
82,A0082,image_20240303085245.png,2b2d10657f1553897e4f4d152877d08791ffbd3b763585e73f6eded7ba540459,INDEPENDENT-BLIND-AUDIT-100,0.0869565217,45,15,S1|morning,0
83,A0083,image_20240216104710.png,5ac50aeebbefdf79d8004aff9cc4b0b9ce12dcbf72ec70ef249c7e255d4667a5,INDEPENDENT-BLIND-AUDIT-100,0.0833333333,32,10,S2|midday,0
84,A0084,image_20240131093051.png,44aa9fead8c083be9974495cf20bf1bfdccca7fe02604a45d5bca0daa4105756,INDEPENDENT-BLIND-AUDIT-100,0.2500000000,30,10,S2|morning,0
85,A0085,image_20240203155318.png,249abebc5bb03d2716d95e6bf3d16859758182e53798f0b5c57ae6d4c3c8bbcc,INDEPENDENT-BLIND-AUDIT-100,0.4666666667,15,5,S3|afternoon,0
86,A0086,image_20240205154011.png,02c800625d51edc6dc931779a513080be5e71871a297fb27e7333e091f75f074,INDEPENDENT-BLIND-AUDIT-100,0.0714285714,20,7,S2|afternoon,0
87,A0087,image_20240302135055.png,d5cd6dca5f0000d8f97e96e65443dd6d696b955886ac1818bb4e2db8da79410b,INDEPENDENT-BLIND-AUDIT-100,0.4782608696,23,8,S3|midday,0
88,A0088,image_20240213095626.png,9276ba64fbc0d2e7e16e353d06363e46164abc9f707cbf7d40fa52668f30aef3,INDEPENDENT-BLIND-AUDIT-100,0.0952380952,45,15,S1|morning,0
89,A0089,image_20240229100243.png,5cd57fd2dba6a46daaf6067edd5713c321f9731b425931d22bb244d57b2fd64e,INDEPENDENT-BLIND-AUDIT-100,0.0833333333,47,15,S1|midday,0
90,A0090,image_20240302075859.png,b81fa4f7b5c50fc18d89abb9bc0e67723471e4950a13558e9707953586fb6199,INDEPENDENT-BLIND-AUDIT-100,0.4782608696,22,7,S3|morning,0
91,A0091,image_20240210095600.png,59e70792c86c6b7dcc60a42ab088fb028f7c094d50c7c2ee0e96c028a5dbd65b,INDEPENDENT-BLIND-AUDIT-100,0.0952380952,45,15,S1|morning,0
92,A0092,image_20240214080922.png,144004f4a2369ffef48c71276acff5965c05533dc696f293bd928a5d4eb1e226,INDEPENDENT-BLIND-AUDIT-100,0.0909090909,45,15,S1|morning,0
93,A0093,image_20240302101945.png,352710d87bcfa9bb7263ff83ccfbc31377d95fb51ab999b731b92fb2bd0cd11e,INDEPENDENT-BLIND-AUDIT-100,0.4782608696,23,8,S3|midday,0
94,A0094,image_20240215141452.png,b9dd3daabf6dd6472ece85764af81da1db715c04e442fd1b41336c63cf8f9d6e,INDEPENDENT-BLIND-AUDIT-100,0.0666666667,27,9,S1|afternoon,0
95,A0095,image_20240201115504.png,91f9fb6cc7fed902bbd3c07cea044c72805f2f825762fb1907e69d93580687f7,INDEPENDENT-BLIND-AUDIT-100,0.0833333333,32,10,S2|midday,0
96,A0096,image_20240227064441.png,27f2c2be2bc74b3549eb5e55e88c5bff96b45a8c6861e1374515c0c3cd7e74aa,INDEPENDENT-BLIND-AUDIT-100,0.0869565217,30,10,S2|morning,0
97,A0097,image_20240206084120.png,a863666bee7e0c610ba371898b59feb107a348072bae16237fcc57db2300936b,INDEPENDENT-BLIND-AUDIT-100,0.0500000000,30,10,S2|morning,0
98,A0098,image_20240305160203.png,e63c38bb70189a2dc365555013db3ea91ac887b99ae6d5fae8cc38967b6f1a83,INDEPENDENT-BLIND-AUDIT-100,0.0533333333,4,1,S0|afternoon,0
99,A0099,image_20240220123138.png,4cd7df4661d6691550e6974e0cc63477b10c3e5c2b6c188ca3ce0d62f347157a,INDEPENDENT-BLIND-AUDIT-100,0.0952380952,47,15,S1|midday,0
100,A0100,image_20240204095448.png,87fb72ed2775b25cf324e8430dc0764781a8766997c914a660bae46de12c11e1,INDEPENDENT-BLIND-AUDIT-100,0.0952380952,30,10,S2|morning,0
